dashboard_uid,dashboard_title,dashboard_category,panel_id,panel_title,panel_type,panel_description,metric_query,query_ref_id,unit,thresholds_config,grid_x,grid_y,grid_w,grid_h,datasource_type,datasource_uid
banking-system-v2,üè¶ Banking System Overview v3,banking,banking-system-v2-1,üè• Service Status,stat,,"up{job=""banking-services""}",A,short,"{""mode"": ""absolute"", ""steps"": [{""color"": ""red""}, {""color"": ""green"", ""value"": 1}]}",0,1,8,8,prometheus,PBFA97CFB590B2093
banking-system-v2,üè¶ Banking System Overview v3,banking,banking-system-v2-20,‚è± Service Uptime,stat,Time since service start,"time() - process_start_time_seconds{job=""banking-services""}",A,dtdurations,"{""mode"": ""absolute"", ""steps"": [{""color"": ""green""}, {""color"": ""orange"", ""value"": 86400}, {""color"": ""red"", ""value"": 172800}]}",8,1,8,8,prometheus,PBFA97CFB590B2093
banking-system-v2,üè¶ Banking System Overview v3,banking,banking-system-v2-21,‚ÑπÔ∏è Service Versions,stat,,"nodejs_version_info{job=""banking-services""} or python_info{job=""banking-services""}",A,short,"{""mode"": ""absolute"", ""steps"": [{""color"": ""green""}]}",16,1,8,8,prometheus,PBFA97CFB590B2093
banking-system-v2,üè¶ Banking System Overview v3,banking,banking-system-v2-2,üìä Request Rate by Endpoint,timeseries,,"sum by (route) (rate(http_request_duration_seconds_count{instance=""api-gateway:8080""}[1m]))",A,reqps,"{""mode"": ""absolute"", ""steps"": [{""color"": ""green""}, {""color"": ""red"", ""value"": 80}]}",0,10,8,8,prometheus,PBFA97CFB590B2093
banking-system-v2,üè¶ Banking System Overview v3,banking,banking-system-v2-3,‚ö†Ô∏è Error Rate by Endpoint,timeseries,,"sum by (route) (rate(http_request_duration_seconds_count{code=~""4..|5.."",instance=""api-gateway:8080""}[1m])) 
/ 
sum by (route) (rate(http_request_duration_seconds_count{instance=""api-gateway:8080""}[1m]))",A,percentunit,"{""mode"": ""absolute"", ""steps"": [{""color"": ""green""}, {""color"": ""red"", ""value"": 0.05}]}",8,10,8,8,prometheus,PBFA97CFB590B2093
banking-system-v2,üè¶ Banking System Overview v3,banking,banking-system-v2-23,‚è± Avg. Latency by Endpoint,timeseries,,"sum by (route) (rate(http_request_duration_seconds_sum{instance=""api-gateway:8080""}[1m])) 
/ 
sum by (route) (rate(http_request_duration_seconds_count{instance=""api-gateway:8080""}[1m]))",A,s,"{""mode"": ""absolute"", ""steps"": [{""color"": ""green""}, {""color"": ""red"", ""value"": 1}]}",16,10,8,8,prometheus,PBFA97CFB590B2093
banking-system-v2,üè¶ Banking System Overview v3,banking,banking-system-v2-25,üß† CPU Usage,timeseries,,"rate(process_cpu_seconds_total{job=""banking-services""}[1m])",A,percentunit,"{""mode"": ""absolute"", ""steps"": [{""color"": ""green""}, {""color"": ""red"", ""value"": 80}]}",0,19,8,8,prometheus,PBFA97CFB590B2093
banking-system-v2,üè¶ Banking System Overview v3,banking,banking-system-v2-26,üíæ Memory Usage,timeseries,,"process_resident_memory_bytes{job=""banking-services""}",A,decbytes,"{""mode"": ""absolute"", ""steps"": [{""color"": ""green""}, {""color"": ""orange"", ""value"": 0.8}, {""color"": ""red"", ""value"": 0.9}]}",8,19,8,8,prometheus,PBFA97CFB590B2093
banking-system-v2,üè¶ Banking System Overview v3,banking,banking-system-v2-27,üìÇ Open File Descriptors,timeseries,,"process_open_fds{job=""banking-services""}",A,none,"{""mode"": ""absolute"", ""steps"": [{""color"": ""green""}, {""color"": ""orange"", ""value"": 1000}, {""color"": ""red"", ""value"": 5000}]}",16,19,8,8,prometheus,PBFA97CFB590B2093
banking-system-v2,üè¶ Banking System Overview v3,banking,banking-system-v2-29,‚è± Event Loop Lag,timeseries,,"nodejs_eventloop_lag_seconds{instance=""api-gateway:8080""}",A,s,"{""mode"": ""absolute"", ""steps"": [{""color"": ""green""}, {""color"": ""orange"", ""value"": 0.02}, {""color"": ""red"", ""value"": 0.05}]}",0,28,8,8,prometheus,PBFA97CFB590B2093
banking-system-v2,üè¶ Banking System Overview v3,banking,banking-system-v2-30,üß† Heap Memory Usage,timeseries,,"nodejs_heap_size_used_bytes{instance=""api-gateway:8080""} / nodejs_heap_size_total_bytes{instance=""api-gateway:8080""}",A,percentunit,"{""mode"": ""absolute"", ""steps"": [{""color"": ""green""}, {""color"": ""orange"", ""value"": 0.7}, {""color"": ""red"", ""value"": 0.9}]}",8,28,8,8,prometheus,PBFA97CFB590B2093
banking-system-v2,üè¶ Banking System Overview v3,banking,banking-system-v2-31,üóëÔ∏è Garbage Collection,timeseries,,"rate(nodejs_gc_duration_seconds_sum{instance=""api-gateway:8080""}[1m])",A,s,"{""mode"": ""absolute"", ""steps"": [{""color"": ""green""}, {""color"": ""orange"", ""value"": 0.1}, {""color"": ""red"", ""value"": 0.2}]}",16,28,8,8,prometheus,PBFA97CFB590B2093
banking-system-v2,üè¶ Banking System Overview v3,banking,banking-system-v2-33,üóëÔ∏è Garbage Collections,timeseries,,"rate(python_gc_collections_total{job=""banking-services""}[1m])",A,cps,"{""mode"": ""absolute"", ""steps"": [{""color"": ""green""}, {""color"": ""orange"", ""value"": 100}, {""color"": ""red"", ""value"": 200}]}",0,37,12,8,prometheus,PBFA97CFB590B2093
banking-system-v2,üè¶ Banking System Overview v3,banking,banking-system-v2-34,üóëÔ∏è Objects Collected,timeseries,,"rate(python_gc_objects_collected_total{job=""banking-services""}[1m])",A,cps,"{""mode"": ""absolute"", ""steps"": [{""color"": ""green""}, {""color"": ""orange"", ""value"": 1000}, {""color"": ""red"", ""value"": 5000}]}",12,37,12,8,prometheus,PBFA97CFB590B2093
enhanced-pod-autoscaling,Enhanced Pod Autoscaling Dashboard,kubernetes,enhanced-pod-autoscaling-1-A,üöÄ HPA: Current vs Desired Replicas,timeseries,Comparison between current and desired replica counts,"kube_horizontalpodautoscaler_status_current_replicas{namespace=""banking-k8s-test""}",A,short,"{""mode"": ""absolute"", ""steps"": [{""color"": ""green""}, {""color"": ""red"", ""value"": 8}]}",0,0,24,9,prometheus,PBFA97CFB590B2093
enhanced-pod-autoscaling,Enhanced Pod Autoscaling Dashboard,kubernetes,enhanced-pod-autoscaling-1-B,üöÄ HPA: Current vs Desired Replicas,timeseries,Comparison between current and desired replica counts,"kube_horizontalpodautoscaler_status_desired_replicas{namespace=""banking-k8s-test""}",B,short,"{""mode"": ""absolute"", ""steps"": [{""color"": ""green""}, {""color"": ""red"", ""value"": 8}]}",0,0,24,9,prometheus,PBFA97CFB590B2093
enhanced-pod-autoscaling,Enhanced Pod Autoscaling Dashboard,kubernetes,enhanced-pod-autoscaling-2,üìä CPU Utilization (Trigger),timeseries,CPU utilization triggering autoscaling events,"kube_horizontalpodautoscaler_status_target_metric{namespace=""banking-k8s-test"", metric_name=""cpu"", metric_target_type=""utilization""}",A,percent,"{""mode"": ""absolute"", ""steps"": [{""color"": ""green""}, {""color"": ""red"", ""value"": 8}]}",0,9,12,8,prometheus,PBFA97CFB590B2093
enhanced-pod-autoscaling,Enhanced Pod Autoscaling Dashboard,kubernetes,enhanced-pod-autoscaling-3,üìà Total Pod Count,timeseries,Total pod count in banking-k8s-test namespace,"sum(k8s_pod_count_total{namespace=""banking-k8s-test""})",A,short,"{""mode"": ""absolute"", ""steps"": [{""color"": ""green""}]}",12,9,12,8,prometheus,PBFA97CFB590B2093
enhanced-pod-autoscaling,Enhanced Pod Autoscaling Dashboard,kubernetes,enhanced-pod-autoscaling-4,üî¢ Current Replicas,stat,,"kube_horizontalpodautoscaler_status_current_replicas{namespace=""banking-k8s-test""}",A,short,"{""mode"": ""absolute"", ""steps"": [{""color"": ""green""}]}",0,17,6,4,prometheus,PBFA97CFB590B2093
enhanced-pod-autoscaling,Enhanced Pod Autoscaling Dashboard,kubernetes,enhanced-pod-autoscaling-5,üéØ Desired Replicas,stat,,"kube_horizontalpodautoscaler_status_desired_replicas{namespace=""banking-k8s-test""}",A,short,"{""mode"": ""absolute"", ""steps"": [{""color"": ""yellow""}]}",6,17,6,4,prometheus,PBFA97CFB590B2093
enhanced-pod-autoscaling,Enhanced Pod Autoscaling Dashboard,kubernetes,enhanced-pod-autoscaling-6,üìä CPU Utilization %,stat,,"kube_horizontalpodautoscaler_status_target_metric{namespace=""banking-k8s-test"", metric_name=""cpu"", metric_target_type=""utilization""}",A,percent,"{""mode"": ""absolute"", ""steps"": [{""color"": ""green""}, {""color"": ""orange"", ""value"": 50}, {""color"": ""red"", ""value"": 70}]}",12,17,6,4,prometheus,PBFA97CFB590B2093
enhanced-pod-autoscaling,Enhanced Pod Autoscaling Dashboard,kubernetes,enhanced-pod-autoscaling-7,üì¶ Total Pods,stat,,"sum(k8s_pod_count_total{namespace=""banking-k8s-test""})",A,short,"{""mode"": ""absolute"", ""steps"": [{""color"": ""blue""}]}",18,17,6,4,prometheus,PBFA97CFB590B2093
enhanced-pod-autoscaling,Enhanced Pod Autoscaling Dashboard,kubernetes,enhanced-pod-autoscaling-8,üéØ Scaling Activity,timeseries,Timeline of autoscaling events,"changes(kube_horizontalpodautoscaler_status_current_replicas{namespace=""banking-k8s-test""}[5m])",A,short,"{""mode"": ""absolute"", ""steps"": [{""color"": ""green""}]}",0,21,24,6,prometheus,PBFA97CFB590B2093
enhanced-pod-autoscaling,Enhanced Pod Autoscaling Dashboard,kubernetes,enhanced-pod-autoscaling-9,‚ö° Replica Efficiency,stat,Replica efficiency ratio,"kube_horizontalpodautoscaler_status_current_replicas{namespace=""banking-k8s-test""} / kube_horizontalpodautoscaler_status_desired_replicas{namespace=""banking-k8s-test""}",A,percentunit,"{""mode"": ""absolute"", ""steps"": [{""color"": ""red""}, {""color"": ""orange"", ""value"": 0.7}, {""color"": ""green"", ""value"": 0.9}]}",0,27,8,6,prometheus,PBFA97CFB590B2093
enhanced-pod-autoscaling,Enhanced Pod Autoscaling Dashboard,kubernetes,enhanced-pod-autoscaling-10,‚è±Ô∏è Last Scale Time,stat,Time since last scaling event,"k8s_scaling_events_total{namespace=""banking-k8s-test""}",A,s,"{""mode"": ""absolute"", ""steps"": [{""color"": ""green""}, {""color"": ""yellow"", ""value"": 300}, {""color"": ""red"", ""value"": 600}]}",8,27,8,6,prometheus,PBFA97CFB590B2093
enhanced-pod-autoscaling,Enhanced Pod Autoscaling Dashboard,kubernetes,enhanced-pod-autoscaling-11,üîî Scaling Events (1h),stat,Number of scaling events in the last hour,"sum(k8s_scaling_events_total{namespace=""banking-k8s-test""})",A,short,"{""mode"": ""absolute"", ""steps"": [{""color"": ""green""}, {""color"": ""orange"", ""value"": 5}, {""color"": ""red"", ""value"": 10}]}",16,27,8,6,prometheus,PBFA97CFB590B2093
enhanced-auto-baselining-v2,üéØ Enhanced Auto-Baselining & Threat Detection,security,enhanced-auto-baselining-v2-1,üß† Algorithm Status,stat,,"active_metrics_being_monitored{job=""auto-baselining""}",A,short,"{""mode"": ""absolute"", ""steps"": [{""color"": ""red""}, {""color"": ""yellow"", ""value"": 1}, {""color"": ""green"", ""value"": 4}]}",0,0,8,6,prometheus,PBFA97CFB590B2093
enhanced-auto-baselining-v2,üéØ Enhanced Auto-Baselining & Threat Detection,security,enhanced-auto-baselining-v2-2,üìä Recommendations Generated,stat,,"rate(threshold_recommendations_total{job=""auto-baselining""}[5m]) * 300",A,short,"{""mode"": ""absolute"", ""steps"": [{""color"": ""red""}, {""color"": ""yellow"", ""value"": 1}, {""color"": ""green"", ""value"": 5}]}",8,0,8,6,prometheus,PBFA97CFB590B2093
enhanced-auto-baselining-v2,üéØ Enhanced Auto-Baselining & Threat Detection,security,enhanced-auto-baselining-v2-3,‚ö° Algorithm Performance,stat,,"avg(algorithm_execution_seconds{job=""auto-baselining""})",A,s,"{""mode"": ""absolute"", ""steps"": [{""color"": ""green""}, {""color"": ""yellow"", ""value"": 1}, {""color"": ""red"", ""value"": 5}]}",16,0,8,6,prometheus,PBFA97CFB590B2093
enhanced-auto-baselining-v2,üéØ Enhanced Auto-Baselining & Threat Detection,security,enhanced-auto-baselining-v2-4,üìà Algorithm Execution Times,timeseries,,"algorithm_execution_seconds{job=""auto-baselining""}",A,s,"{""mode"": ""absolute"", ""steps"": [{""color"": ""green""}, {""color"": ""red"", ""value"": 80}]}",0,6,12,8,prometheus,PBFA97CFB590B2093
enhanced-auto-baselining-v2,üéØ Enhanced Auto-Baselining & Threat Detection,security,enhanced-auto-baselining-v2-5,üéØ Active Metrics Monitoring,timeseries,,"active_metrics_being_monitored{job=""auto-baselining""}",A,short,"{""mode"": ""absolute"", ""steps"": [{""color"": ""green""}, {""color"": ""red"", ""value"": 80}]}",12,6,12,8,prometheus,PBFA97CFB590B2093
enhanced-auto-baselining-v2,üéØ Enhanced Auto-Baselining & Threat Detection,security,enhanced-auto-baselining-v2-7,‚öôÔ∏è Auto-Baselining CPU,timeseries,,"rate(process_cpu_seconds_total{job=""auto-baselining""}[1m])",A,short,"{""mode"": ""absolute"", ""steps"": [{""color"": ""green""}, {""color"": ""red"", ""value"": 80}]}",0,14,12,8,prometheus,PBFA97CFB590B2093
enhanced-auto-baselining-v2,üéØ Enhanced Auto-Baselining & Threat Detection,security,enhanced-auto-baselining-v2-8,‚öôÔ∏è Auto-Baselining Memory,timeseries,,"process_resident_memory_bytes{job=""auto-baselining""}",A,bytes,"{""mode"": ""absolute"", ""steps"": [{""color"": ""green""}, {""color"": ""red"", ""value"": 80}]}",12,14,12,8,prometheus,PBFA97CFB590B2093
enhanced-auto-baselining-v2,üéØ Enhanced Auto-Baselining & Threat Detection,security,enhanced-auto-baselining-v2-9,üìä Cumulative Recommendations,timeseries,,"threshold_recommendations_total{job=""auto-baselining""}",A,short,"{""mode"": ""absolute"", ""steps"": [{""color"": ""green""}, {""color"": ""red"", ""value"": 80}]}",0,22,24,8,prometheus,PBFA97CFB590B2093
enhanced-auto-baselining-v2,üéØ Enhanced Auto-Baselining & Threat Detection,security,enhanced-auto-baselining-v2-10,üõ°Ô∏è DDoS Detection Score,timeseries,,"ddos_detection_score{job=""ddos-ml-detection""}",A,short,"{""mode"": ""absolute"", ""steps"": [{""color"": ""green""}, {""color"": ""red"", ""value"": 80}]}",0,30,12,8,prometheus,PBFA97CFB590B2093
enhanced-auto-baselining-v2,üéØ Enhanced Auto-Baselining & Threat Detection,security,enhanced-auto-baselining-v2-11,‚è±Ô∏è DDoS Detection Latency,timeseries,,"detection_latency_seconds{job=""ddos-ml-detection""}",A,s,"{""mode"": ""absolute"", ""steps"": [{""color"": ""green""}, {""color"": ""red"", ""value"": 80}]}",12,30,12,8,prometheus,PBFA97CFB590B2093
container-resource-monitoring-v2,Container Resource Monitoring,container,container-resource-monitoring-v2-7,Service Health Status,stat,,"up{job=""banking-services""}",A,short,"{""mode"": ""absolute"", ""steps"": [{""color"": ""red""}, {""color"": ""green"", ""value"": 1}]}",0,0,24,8,prometheus,PBFA97CFB590B2093
container-resource-monitoring-v2,Container Resource Monitoring,container,container-resource-monitoring-v2-4,CPU Usage (cores),timeseries,,"container_cpu_usage_cores{job=""container-resource-monitor"", container_name=~""$container""}",A,short,"{""mode"": ""absolute"", ""steps"": [{""color"": ""green""}, {""color"": ""red"", ""value"": 80}]}",0,8,12,8,prometheus,PBFA97CFB590B2093
container-resource-monitoring-v2,Container Resource Monitoring,container,container-resource-monitoring-v2-5,Memory Usage (MB),timeseries,,"container_memory_usage_mb{job=""container-resource-monitor"", container_name=~""$container""}",A,mbytes,"{""mode"": ""absolute"", ""steps"": [{""color"": ""green""}, {""color"": ""red"", ""value"": 80}]}",12,8,12,8,prometheus,PBFA97CFB590B2093
container-resource-monitoring-v2,Container Resource Monitoring,container,container-resource-monitoring-v2-3-A,Container Resource Snapshot,table,,"container_cpu_usage_cores{job=""container-resource-monitor""}",A,short,"{""mode"": ""absolute"", ""steps"": [{""color"": ""green""}, {""color"": ""red"", ""value"": 80}]}",0,16,24,10,prometheus,PBFA97CFB590B2093
container-resource-monitoring-v2,Container Resource Monitoring,container,container-resource-monitoring-v2-3-B,Container Resource Snapshot,table,,"container_memory_usage_mb{job=""container-resource-monitor""}",B,short,"{""mode"": ""absolute"", ""steps"": [{""color"": ""green""}, {""color"": ""red"", ""value"": 80}]}",0,16,24,10,prometheus,PBFA97CFB590B2093
rabbitmq-monitor-v2,RabbitMQ Monitor Comparison Dashboard2,messaging,rabbitmq-monitor-v2-1,Transaction Queue (Monitor),gauge,,"rabbitmq_queue_messages_ready{queue=""transaction_processing_q""}",A,short,"{""mode"": ""absolute"", ""steps"": [{""color"": ""green""}, {""color"": ""yellow"", ""value"": 10}, {""color"": ""red"", ""value"": 50}]}",0,1,4,6,prometheus,${datasource}
rabbitmq-monitor-v2,RabbitMQ Monitor Comparison Dashboard2,messaging,rabbitmq-monitor-v2-2,Notification Queue (Monitor),gauge,,"rabbitmq_queue_messages_ready{queue=""notification_dispatch_q""}",A,short,"{""mode"": ""absolute"", ""steps"": [{""color"": ""green""}, {""color"": ""yellow"", ""value"": 10}, {""color"": ""red"", ""value"": 50}]}",4,1,4,6,prometheus,${datasource}
rabbitmq-monitor-v2,RabbitMQ Monitor Comparison Dashboard2,messaging,rabbitmq-monitor-v2-3,Fraud Check Queue (Monitor),gauge,,"rabbitmq_queue_messages_ready{queue=""fraud_check_q""}",A,short,"{""mode"": ""absolute"", ""steps"": [{""color"": ""green""}, {""color"": ""yellow"", ""value"": 10}, {""color"": ""red"", ""value"": 50}]}",8,1,4,6,prometheus,${datasource}
rabbitmq-monitor-v2,RabbitMQ Monitor Comparison Dashboard2,messaging,rabbitmq-monitor-v2-4-A,Queue Depths Over Time (Monitor),timeseries,,"rabbitmq_queue_messages_ready{queue=""transaction_processing_q""}",A,short,"{""mode"": ""absolute"", ""steps"": [{""color"": ""green""}]}",12,1,12,6,prometheus,${datasource}
rabbitmq-monitor-v2,RabbitMQ Monitor Comparison Dashboard2,messaging,rabbitmq-monitor-v2-4-B,Queue Depths Over Time (Monitor),timeseries,,"rabbitmq_queue_messages_ready{queue=""notification_dispatch_q""}",B,short,"{""mode"": ""absolute"", ""steps"": [{""color"": ""green""}]}",12,1,12,6,prometheus,${datasource}
rabbitmq-monitor-v2,RabbitMQ Monitor Comparison Dashboard2,messaging,rabbitmq-monitor-v2-4-C,Queue Depths Over Time (Monitor),timeseries,,"rabbitmq_queue_messages_ready{queue=""fraud_check_q""}",C,short,"{""mode"": ""absolute"", ""steps"": [{""color"": ""green""}]}",12,1,12,6,prometheus,${datasource}
rabbitmq-monitor-v2,RabbitMQ Monitor Comparison Dashboard2,messaging,rabbitmq-monitor-v2-5,Transaction Queue (Consumer),gauge,,"banking_unprocessed_messages{broker=""rabbitmq"", queue_topic=""transaction_processing_q""}",A,short,"{""mode"": ""absolute"", ""steps"": [{""color"": ""green""}, {""color"": ""yellow"", ""value"": 10}, {""color"": ""red"", ""value"": 50}]}",0,8,4,6,prometheus,${datasource}
rabbitmq-monitor-v2,RabbitMQ Monitor Comparison Dashboard2,messaging,rabbitmq-monitor-v2-6,Notification Queue (Consumer),gauge,,"banking_unprocessed_messages{broker=""rabbitmq"", queue_topic=""notification_dispatch_q""}",A,short,"{""mode"": ""absolute"", ""steps"": [{""color"": ""green""}, {""color"": ""yellow"", ""value"": 10}, {""color"": ""red"", ""value"": 50}]}",4,8,4,6,prometheus,${datasource}
rabbitmq-monitor-v2,RabbitMQ Monitor Comparison Dashboard2,messaging,rabbitmq-monitor-v2-7-A,Transaction Queue Comparison: Consumer vs Monitor,timeseries,,"banking_unprocessed_messages{broker=""rabbitmq"", queue_topic=""transaction_processing_q""}",A,short,"{""mode"": ""absolute"", ""steps"": [{""color"": ""green""}]}",8,8,16,6,prometheus,${datasource}
rabbitmq-monitor-v2,RabbitMQ Monitor Comparison Dashboard2,messaging,rabbitmq-monitor-v2-7-B,Transaction Queue Comparison: Consumer vs Monitor,timeseries,,"rabbitmq_queue_messages_ready{queue=""transaction_processing_q""}",B,short,"{""mode"": ""absolute"", ""steps"": [{""color"": ""green""}]}",8,8,16,6,prometheus,${datasource}
rabbitmq-monitor-v2,RabbitMQ Monitor Comparison Dashboard2,messaging,rabbitmq-monitor-v2-8,RabbitMQ Monitor Status,stat,,rabbitmq_monitor_up,A,short,"{""mode"": ""absolute"", ""steps"": [{""color"": ""green""}]}",0,15,6,4,prometheus,${datasource}
rabbitmq-monitor-v2,RabbitMQ Monitor Comparison Dashboard2,messaging,rabbitmq-monitor-v2-9,Monitor Error Rate,stat,,rate(rabbitmq_monitor_errors[5m]),A,short,"{""mode"": ""absolute"", ""steps"": [{""color"": ""green""}, {""color"": ""red"", ""value"": 1}]}",6,15,6,4,prometheus,${datasource}
rabbitmq-monitor-v2,RabbitMQ Monitor Comparison Dashboard2,messaging,rabbitmq-monitor-v2-10,Total Messages in All Queues,timeseries,,rabbitmq_queue_messages_total,A,short,"{""mode"": ""absolute"", ""steps"": [{""color"": ""green""}]}",12,15,12,4,prometheus,${datasource}
enhanced-k8s-cluster-overview,Enhanced Kubernetes Cluster Overview,kubernetes,enhanced-k8s-cluster-overview-1,‚úÖ Node Status,stat,Current status of cluster nodes,"kube_node_status_condition{condition=""Ready"", status=""true""}",A,short,"{""mode"": ""absolute"", ""steps"": [{""color"": ""green""}]}",0,0,6,4,prometheus,PBFA97CFB590B2093
enhanced-k8s-cluster-overview,Enhanced Kubernetes Cluster Overview,kubernetes,enhanced-k8s-cluster-overview-2,üìä Pod Status Distribution,piechart,Distribution of pod states in the banking-k8s-test namespace,"sum(kube_pod_status_phase{namespace=""banking-k8s-test""}) by (phase)",A,short,{},6,0,6,8,prometheus,PBFA97CFB590B2093
enhanced-k8s-cluster-overview,Enhanced Kubernetes Cluster Overview,kubernetes,enhanced-k8s-cluster-overview-3,üìà Pod Count Over Time,timeseries,Historical pod count in banking-k8s-test namespace,"sum(k8s_pod_count_total{namespace=""banking-k8s-test""}) by (namespace)",A,short,"{""mode"": ""absolute"", ""steps"": [{""color"": ""green""}]}",12,0,12,8,prometheus,PBFA97CFB590B2093
enhanced-k8s-cluster-overview,Enhanced Kubernetes Cluster Overview,kubernetes,enhanced-k8s-cluster-overview-4-A,üîÑ HPA Replica Count,timeseries,Current vs desired replicas for Horizontal Pod Autoscaler,"kube_horizontalpodautoscaler_status_current_replicas{namespace=""banking-k8s-test""}",A,short,"{""mode"": ""absolute"", ""steps"": [{""color"": ""green""}]}",0,8,12,8,prometheus,PBFA97CFB590B2093
enhanced-k8s-cluster-overview,Enhanced Kubernetes Cluster Overview,kubernetes,enhanced-k8s-cluster-overview-4-B,üîÑ HPA Replica Count,timeseries,Current vs desired replicas for Horizontal Pod Autoscaler,"kube_horizontalpodautoscaler_status_desired_replicas{namespace=""banking-k8s-test""}",B,short,"{""mode"": ""absolute"", ""steps"": [{""color"": ""green""}]}",0,8,12,8,prometheus,PBFA97CFB590B2093
enhanced-k8s-cluster-overview,Enhanced Kubernetes Cluster Overview,kubernetes,enhanced-k8s-cluster-overview-9-A,üìä Node Resource Utilization,bargauge,Resource utilization across nodes,"100 - (avg by (instance) (irate(node_cpu_seconds_total{mode=""idle""}[5m]))) * 100",A,percent,"{""mode"": ""absolute"", ""steps"": [{""color"": ""green""}, {""color"": ""red"", ""value"": 80}]}",12,8,12,8,prometheus,PBFA97CFB590B2093
enhanced-k8s-cluster-overview,Enhanced Kubernetes Cluster Overview,kubernetes,enhanced-k8s-cluster-overview-9-B,üìä Node Resource Utilization,bargauge,Resource utilization across nodes,100 * (1 - (node_memory_MemAvailable_bytes / node_memory_MemTotal_bytes)),B,percent,"{""mode"": ""absolute"", ""steps"": [{""color"": ""green""}, {""color"": ""red"", ""value"": 80}]}",12,8,12,8,prometheus,PBFA97CFB590B2093
enhanced-k8s-cluster-overview,Enhanced Kubernetes Cluster Overview,kubernetes,enhanced-k8s-cluster-overview-5,üì¶ Total Pods,stat,,"sum(k8s_pod_count_total{namespace=""banking-k8s-test""})",A,short,"{""mode"": ""absolute"", ""steps"": [{""color"": ""green""}, {""color"": ""red"", ""value"": 80}]}",0,16,6,4,prometheus,PBFA97CFB590B2093
enhanced-k8s-cluster-overview,Enhanced Kubernetes Cluster Overview,kubernetes,enhanced-k8s-cluster-overview-6,üî¢ Current Replicas,stat,,"kube_horizontalpodautoscaler_status_current_replicas{namespace=""banking-k8s-test""}",A,short,"{""mode"": ""absolute"", ""steps"": [{""color"": ""green""}, {""color"": ""red"", ""value"": 80}]}",6,16,6,4,prometheus,PBFA97CFB590B2093
enhanced-k8s-cluster-overview,Enhanced Kubernetes Cluster Overview,kubernetes,enhanced-k8s-cluster-overview-7,üîå Total Services,stat,,"count(kube_service_info{namespace=""banking-k8s-test""})",A,short,"{""mode"": ""absolute"", ""steps"": [{""color"": ""green""}]}",12,16,6,4,prometheus,PBFA97CFB590B2093
enhanced-k8s-cluster-overview,Enhanced Kubernetes Cluster Overview,kubernetes,enhanced-k8s-cluster-overview-8,üöÄ Total Deployments,stat,,"count(kube_deployment_status_replicas{namespace=""banking-k8s-test""})",A,short,"{""mode"": ""absolute"", ""steps"": [{""color"": ""green""}]}",18,16,6,4,prometheus,PBFA97CFB590B2093
enhanced-k8s-cluster-overview,Enhanced Kubernetes Cluster Overview,kubernetes,enhanced-k8s-cluster-overview-10-A,üìà Resource-Pod Correlation,timeseries,Correlation between pod count and resource utilization,"sum(k8s_pod_count_total{namespace=""banking-k8s-test""})",A,short,"{""mode"": ""absolute"", ""steps"": [{""color"": ""green""}]}",0,20,12,8,prometheus,PBFA97CFB590B2093
enhanced-k8s-cluster-overview,Enhanced Kubernetes Cluster Overview,kubernetes,enhanced-k8s-cluster-overview-10-B,üìà Resource-Pod Correlation,timeseries,Correlation between pod count and resource utilization,"100 - (avg by (instance) (irate(node_cpu_seconds_total{mode=""idle""}[5m]))) * 100",B,short,"{""mode"": ""absolute"", ""steps"": [{""color"": ""green""}]}",0,20,12,8,prometheus,PBFA97CFB590B2093
enhanced-k8s-cluster-overview,Enhanced Kubernetes Cluster Overview,kubernetes,enhanced-k8s-cluster-overview-10-C,üìà Resource-Pod Correlation,timeseries,Correlation between pod count and resource utilization,100 * (1 - (node_memory_MemAvailable_bytes / node_memory_MemTotal_bytes)),C,short,"{""mode"": ""absolute"", ""steps"": [{""color"": ""green""}]}",0,20,12,8,prometheus,PBFA97CFB590B2093
enhanced-k8s-cluster-overview,Enhanced Kubernetes Cluster Overview,kubernetes,enhanced-k8s-cluster-overview-11,üîç Pod Status Monitor,table,Real-time status of critical components,"kube_pod_status_phase{namespace=""banking-k8s-test""}",A,short,"{""mode"": ""absolute"", ""steps"": [{""color"": ""green""}]}",12,20,12,8,prometheus,PBFA97CFB590B2093
enhanced-node-resource-consumption,Enhanced Node Resource Consumption,general,enhanced-node-resource-consumption-1,üñ•Ô∏è Node CPU Usage,timeseries,CPU utilization across cluster nodes,"100 - (avg by (instance) (irate(node_cpu_seconds_total{mode=""idle""}[5m]))) * 100",A,percent,"{""mode"": ""absolute"", ""steps"": [{""color"": ""green""}, {""color"": ""red"", ""value"": 80}]}",0,0,12,9,prometheus,PBFA97CFB590B2093
enhanced-node-resource-consumption,Enhanced Node Resource Consumption,general,enhanced-node-resource-consumption-2,üíæ Node Memory Usage,timeseries,Memory utilization across cluster nodes,100 * (1 - (node_memory_MemAvailable_bytes / node_memory_MemTotal_bytes)),A,percent,"{""mode"": ""absolute"", ""steps"": [{""color"": ""green""}, {""color"": ""red"", ""value"": 80}]}",12,0,12,9,prometheus,PBFA97CFB590B2093
enhanced-node-resource-consumption,Enhanced Node Resource Consumption,general,enhanced-node-resource-consumption-3,üê≥ Pod Distribution,timeseries,Distribution of pods across nodes,"sum by (instance) (k8s_pod_count_total{namespace=""banking-k8s-test""})",A,short,"{""mode"": ""absolute"", ""steps"": [{""color"": ""green""}]}",0,9,12,8,prometheus,PBFA97CFB590B2093
enhanced-node-resource-consumption,Enhanced Node Resource Consumption,general,enhanced-node-resource-consumption-4-A,‚ö° Service CPU Usage,timeseries,CPU utilization by service type,"avg(container_cpu_usage_percent{container_name=~""k8s_banking-service.*""}) by (container_name)",A,percent,"{""mode"": ""absolute"", ""steps"": [{""color"": ""green""}]}",12,9,12,8,prometheus,PBFA97CFB590B2093
enhanced-node-resource-consumption,Enhanced Node Resource Consumption,general,enhanced-node-resource-consumption-4-B,‚ö° Service CPU Usage,timeseries,CPU utilization by service type,"avg(container_cpu_usage_percent{container_name=~""k8s_load-generator.*""}) by (container_name)",B,percent,"{""mode"": ""absolute"", ""steps"": [{""color"": ""green""}]}",12,9,12,8,prometheus,PBFA97CFB590B2093
enhanced-node-resource-consumption,Enhanced Node Resource Consumption,general,enhanced-node-resource-consumption-5,üìä Current CPU %,stat,,"100 - (avg by (instance) (irate(node_cpu_seconds_total{mode=""idle""}[5m]))) * 100",A,percent,"{""mode"": ""absolute"", ""steps"": [{""color"": ""green""}, {""color"": ""orange"", ""value"": 70}, {""color"": ""red"", ""value"": 85}]}",0,17,6,4,prometheus,PBFA97CFB590B2093
enhanced-node-resource-consumption,Enhanced Node Resource Consumption,general,enhanced-node-resource-consumption-6,üìä Current Memory %,stat,,100 * (1 - (node_memory_MemAvailable_bytes / node_memory_MemTotal_bytes)),A,percent,"{""mode"": ""absolute"", ""steps"": [{""color"": ""green""}, {""color"": ""orange"", ""value"": 70}, {""color"": ""red"", ""value"": 85}]}",6,17,6,4,prometheus,PBFA97CFB590B2093
enhanced-node-resource-consumption,Enhanced Node Resource Consumption,general,enhanced-node-resource-consumption-7,üì¶ Pod Density,stat,,"sum(k8s_pod_count_total{namespace=""banking-k8s-test""})",A,short,"{""mode"": ""absolute"", ""steps"": [{""color"": ""green""}, {""color"": ""orange"", ""value"": 50}, {""color"": ""red"", ""value"": 70}]}",12,17,6,4,prometheus,PBFA97CFB590B2093
enhanced-node-resource-consumption,Enhanced Node Resource Consumption,general,enhanced-node-resource-consumption-8,üíæ Memory Used,stat,,node_memory_MemTotal_bytes - node_memory_MemAvailable_bytes,A,bytes,"{""mode"": ""absolute"", ""steps"": [{""color"": ""green""}, {""color"": ""orange"", ""value"": 6000000000}, {""color"": ""red"", ""value"": 8000000000}]}",18,17,6,4,prometheus,PBFA97CFB590B2093
enhanced-node-resource-consumption,Enhanced Node Resource Consumption,general,enhanced-node-resource-consumption-9-A,üîç Pod Resource Usage,table,Detailed resource usage by pod,"sum by (container_name) (
  container_cpu_usage_cores{
    container_name=~""k8s_.*banking-k8s-test.*"",
    container_name!~"".*POD.*""
  }
) * 100",A,percent,"{""mode"": ""absolute"", ""steps"": [{""color"": ""green""}, {""color"": ""orange"", ""value"": 70}, {""color"": ""red"", ""value"": 85}]}",0,21,12,8,prometheus,PBFA97CFB590B2093
enhanced-node-resource-consumption,Enhanced Node Resource Consumption,general,enhanced-node-resource-consumption-9-B,üîç Pod Resource Usage,table,Detailed resource usage by pod,"sum by (container_name) (
  container_memory_usage_mb{
    container_name=~""k8s_.*banking-k8s-test.*"",
    container_name!~"".*POD.*""
  }
)",B,percent,"{""mode"": ""absolute"", ""steps"": [{""color"": ""green""}, {""color"": ""orange"", ""value"": 70}, {""color"": ""red"", ""value"": 85}]}",0,21,12,8,prometheus,PBFA97CFB590B2093
enhanced-node-resource-consumption,Enhanced Node Resource Consumption,general,enhanced-node-resource-consumption-10-A,üìä Resource-Pod Correlation,timeseries,Correlation between pod count and resource consumption,"100 - (avg by (instance) (irate(node_cpu_seconds_total{mode=""idle""}[5m]))) * 100",A,short,"{""mode"": ""absolute"", ""steps"": [{""color"": ""green""}]}",12,21,12,8,prometheus,PBFA97CFB590B2093
enhanced-node-resource-consumption,Enhanced Node Resource Consumption,general,enhanced-node-resource-consumption-10-B,üìä Resource-Pod Correlation,timeseries,Correlation between pod count and resource consumption,"sum(k8s_pod_count_total{namespace=""banking-k8s-test""})",B,short,"{""mode"": ""absolute"", ""steps"": [{""color"": ""green""}]}",12,21,12,8,prometheus,PBFA97CFB590B2093
enhanced-node-resource-consumption,Enhanced Node Resource Consumption,general,enhanced-node-resource-consumption-11,üö® Top Memory Consumers,bargauge,Top memory-consuming pods,"label_replace(
  container_memory_working_set_bytes{id=~""/kubepods/.*""},
  ""pod_uid"", ""$1"", ""id"", "".*/pod([0-9a-f\\-]+)$""
)",A,bytes,"{""mode"": ""absolute"", ""steps"": [{""color"": ""green""}]}",0,29,12,8,prometheus,PBFA97CFB590B2093
enhanced-node-resource-consumption,Enhanced Node Resource Consumption,general,enhanced-node-resource-consumption-12,üö® Top CPU Consumers,bargauge,Top CPU-consuming pods,"(
  label_replace(
    sum by (id) (rate(container_cpu_usage_seconds_total{id=~""/kubepods/.*""}[5m])),
    ""pod_uid"", ""$1"", ""id"", "".*/pod([0-9a-f\\-]+)$""
  ) * 100
)",A,percent,"{""mode"": ""absolute"", ""steps"": [{""color"": ""green""}]}",12,29,12,8,prometheus,PBFA97CFB590B2093
e28affb9-a049-4ab6-ac1f-182e50abfb56,üîç Transaction Tracing Analytics,banking,e28affb9-a049-4ab6-ac1f-182e50abfb56-1,üìä Traces Generated Per Minute,timeseries,,sum by(trace_type) (rate(traces_generated_total[1m])) * 60,A,short,"{""mode"": ""absolute"", ""steps"": [{""color"": ""green""}, {""color"": ""red"", ""value"": 80}]}",0,0,12,8,prometheus,PBFA97CFB590B2093
e28affb9-a049-4ab6-ac1f-182e50abfb56,üîç Transaction Tracing Analytics,banking,e28affb9-a049-4ab6-ac1f-182e50abfb56-2,üéØ Trace Generation Status,stat,,active_trace_generation,A,none,"{""mode"": ""absolute"", ""steps"": [{""color"": ""red""}, {""color"": ""green"", ""value"": 1}]}",12,0,6,4,prometheus,PBFA97CFB590B2093
e28affb9-a049-4ab6-ac1f-182e50abfb56,üîç Transaction Tracing Analytics,banking,e28affb9-a049-4ab6-ac1f-182e50abfb56-3,‚ùå Trace Generation Errors,stat,,sum(rate(trace_generation_errors_total[5m])) * 300 or vector(0),A,short,"{""mode"": ""absolute"", ""steps"": [{""color"": ""green""}, {""color"": ""red"", ""value"": 1}]}",18,0,6,4,prometheus,PBFA97CFB590B2093
e28affb9-a049-4ab6-ac1f-182e50abfb56,üîç Transaction Tracing Analytics,banking,e28affb9-a049-4ab6-ac1f-182e50abfb56-4,üìà Trace Pattern Distribution,piechart,,sum by(trace_type) (increase(traces_generated_total[1h])),A,short,{},12,4,8,8,prometheus,PBFA97CFB590B2093
e28affb9-a049-4ab6-ac1f-182e50abfb56,üîç Transaction Tracing Analytics,banking,e28affb9-a049-4ab6-ac1f-182e50abfb56-5,üîÑ Configured Trace Rates,bargauge,,trace_patterns_per_minute,A,short,"{""mode"": ""absolute"", ""steps"": [{""color"": ""green""}, {""color"": ""red"", ""value"": 80}]}",20,4,4,8,prometheus,PBFA97CFB590B2093
container-usage-monitoring,Container Resource Usage,container,container-usage-monitoring-1,Total Containers Monitored,stat,,container_monitored_total,A,short,"{""mode"": ""absolute"", ""steps"": [{""color"": ""dark-red""}, {""color"": ""yellow"", ""value"": 10}, {""color"": ""green"", ""value"": 20}]}",0,0,6,6,prometheus,PBFA97CFB590B2093
container-usage-monitoring,Container Resource Usage,container,container-usage-monitoring-2,CPU Usage by Container,timeseries,,"container_cpu_usage_cores{container_name=~""$container""}",A,short,"{""mode"": ""absolute"", ""steps"": [{""color"": ""green""}]}",6,0,18,8,prometheus,PBFA97CFB590B2093
container-usage-monitoring,Container Resource Usage,container,container-usage-monitoring-3,Average CPU Usage %,gauge,,"avg(container_cpu_usage_percent{container_name=~""$container""})",A,percent,"{""mode"": ""absolute"", ""steps"": [{""color"": ""green""}, {""color"": ""yellow"", ""value"": 70}, {""color"": ""red"", ""value"": 90}]}",0,6,6,8,prometheus,PBFA97CFB590B2093
container-usage-monitoring,Container Resource Usage,container,container-usage-monitoring-4,Memory Usage by Container,timeseries,,"container_memory_usage_mb{container_name=~""$container""}",A,decmbytes,"{""mode"": ""absolute"", ""steps"": [{""color"": ""green""}]}",6,8,18,8,prometheus,PBFA97CFB590B2093
container-usage-monitoring,Container Resource Usage,container,container-usage-monitoring-5-A,Container Resource Usage Summary,table,,container_cpu_usage_cores,A,short,"{""mode"": ""absolute"", ""steps"": [{""color"": ""green""}]}",0,16,24,10,prometheus,PBFA97CFB590B2093
container-usage-monitoring,Container Resource Usage,container,container-usage-monitoring-5-B,Container Resource Usage Summary,table,,container_memory_usage_mb,B,short,"{""mode"": ""absolute"", ""steps"": [{""color"": ""green""}]}",0,16,24,10,prometheus,PBFA97CFB590B2093
container-usage-monitoring,Container Resource Usage,container,container-usage-monitoring-5-C,Container Resource Usage Summary,table,,container_cpu_usage_percent,C,short,"{""mode"": ""absolute"", ""steps"": [{""color"": ""green""}]}",0,16,24,10,prometheus,PBFA97CFB590B2093
container-usage-monitoring,Container Resource Usage,container,container-usage-monitoring-5-D,Container Resource Usage Summary,table,,container_memory_usage_percent,D,short,"{""mode"": ""absolute"", ""steps"": [{""color"": ""green""}]}",0,16,24,10,prometheus,PBFA97CFB590B2093
container-usage-monitoring,Container Resource Usage,container,container-usage-monitoring-5-E,Container Resource Usage Summary,table,,rate(container_network_rx_mb[5m]),E,short,"{""mode"": ""absolute"", ""steps"": [{""color"": ""green""}]}",0,16,24,10,prometheus,PBFA97CFB590B2093
container-usage-monitoring,Container Resource Usage,container,container-usage-monitoring-5-F,Container Resource Usage Summary,table,,rate(container_network_tx_mb[5m]),F,short,"{""mode"": ""absolute"", ""steps"": [{""color"": ""green""}]}",0,16,24,10,prometheus,PBFA97CFB590B2093
container-usage-monitoring,Container Resource Usage,container,container-usage-monitoring-6-A,Network Traffic,timeseries,,"rate(container_network_rx_mb{container_name=~""$container""}[5m])",A,MBs,"{""mode"": ""absolute"", ""steps"": [{""color"": ""green""}]}",0,26,24,8,prometheus,PBFA97CFB590B2093
container-usage-monitoring,Container Resource Usage,container,container-usage-monitoring-6-B,Network Traffic,timeseries,,"rate(container_network_tx_mb{container_name=~""$container""}[5m])",B,MBs,"{""mode"": ""absolute"", ""steps"": [{""color"": ""green""}]}",0,26,24,8,prometheus,PBFA97CFB590B2093
05c84299-5312-46f5-a9f5-fe6762b2f6a2,üí∞ Transaction Performance Monitoring,banking,05c84299-5312-46f5-a9f5-fe6762b2f6a2-1,üìä Request Count,stat,,sum(rate(transaction_requests_total[5m])) * 60,A,reqpm,"{""mode"": ""absolute"", ""steps"": [{""color"": ""red""}, {""color"": ""yellow"", ""value"": 50}, {""color"": ""green"", ""value"": 100}]}",0,0,6,6,prometheus,PBFA97CFB590B2093
05c84299-5312-46f5-a9f5-fe6762b2f6a2,üí∞ Transaction Performance Monitoring,banking,05c84299-5312-46f5-a9f5-fe6762b2f6a2-2,‚ùå Request Failures,stat,,(sum(rate(transaction_failures_total[5m])) / sum(rate(transaction_requests_total[5m]))) * 100,A,percent,"{""mode"": ""absolute"", ""steps"": [{""color"": ""green""}, {""color"": ""yellow"", ""value"": 1}, {""color"": ""red"", ""value"": 5}]}",6,0,6,6,prometheus,PBFA97CFB590B2093
05c84299-5312-46f5-a9f5-fe6762b2f6a2,üí∞ Transaction Performance Monitoring,banking,05c84299-5312-46f5-a9f5-fe6762b2f6a2-3,‚è±Ô∏è Avg Response Time,stat,,avg(transaction_avg_response_time) * 1000,A,ms,"{""mode"": ""absolute"", ""steps"": [{""color"": ""green""}, {""color"": ""yellow"", ""value"": 500}, {""color"": ""red"", ""value"": 1000}]}",12,0,6,6,prometheus,PBFA97CFB590B2093
05c84299-5312-46f5-a9f5-fe6762b2f6a2,üí∞ Transaction Performance Monitoring,banking,05c84299-5312-46f5-a9f5-fe6762b2f6a2-4,üêå Slow Requests %,stat,,"slow_transaction_percentage{threshold=""0.5s""}",A,percent,"{""mode"": ""absolute"", ""steps"": [{""color"": ""green""}, {""color"": ""yellow"", ""value"": 5}, {""color"": ""red"", ""value"": 10}]}",18,0,6,6,prometheus,PBFA97CFB590B2093
05c84299-5312-46f5-a9f5-fe6762b2f6a2,üí∞ Transaction Performance Monitoring,banking,05c84299-5312-46f5-a9f5-fe6762b2f6a2-5,üìà Request Count by Transaction Type,timeseries,,sum by(type) (rate(transaction_requests_total[1m])) * 60,A,reqpm,"{""mode"": ""absolute"", ""steps"": [{""color"": ""green""}, {""color"": ""red"", ""value"": 80}]}",0,6,12,10,prometheus,PBFA97CFB590B2093
05c84299-5312-46f5-a9f5-fe6762b2f6a2,üí∞ Transaction Performance Monitoring,banking,05c84299-5312-46f5-a9f5-fe6762b2f6a2-6-A,üìâ Failure Rate Over Time,timeseries,,(sum(rate(transaction_failures_total[1m])) / sum(rate(transaction_requests_total[1m]))) * 100,A,percent,"{""mode"": ""absolute"", ""steps"": [{""color"": ""green""}, {""color"": ""red"", ""value"": 80}]}",12,6,12,10,prometheus,PBFA97CFB590B2093
05c84299-5312-46f5-a9f5-fe6762b2f6a2,üí∞ Transaction Performance Monitoring,banking,05c84299-5312-46f5-a9f5-fe6762b2f6a2-6-B,üìâ Failure Rate Over Time,timeseries,,(sum by(type) (rate(transaction_failures_total[1m])) / sum by(type) (rate(transaction_requests_total[1m]))) * 100,B,percent,"{""mode"": ""absolute"", ""steps"": [{""color"": ""green""}, {""color"": ""red"", ""value"": 80}]}",12,6,12,10,prometheus,PBFA97CFB590B2093
05c84299-5312-46f5-a9f5-fe6762b2f6a2,üí∞ Transaction Performance Monitoring,banking,05c84299-5312-46f5-a9f5-fe6762b2f6a2-7-A,‚è±Ô∏è Response Time Percentiles,timeseries,,"histogram_quantile(0.50, sum(rate(transaction_duration_seconds_bucket[1m])) by (le)) * 1000",A,ms,"{""mode"": ""absolute"", ""steps"": [{""color"": ""green""}, {""color"": ""red"", ""value"": 80}]}",0,16,12,10,prometheus,PBFA97CFB590B2093
05c84299-5312-46f5-a9f5-fe6762b2f6a2,üí∞ Transaction Performance Monitoring,banking,05c84299-5312-46f5-a9f5-fe6762b2f6a2-7-B,‚è±Ô∏è Response Time Percentiles,timeseries,,"histogram_quantile(0.95, sum(rate(transaction_duration_seconds_bucket[1m])) by (le)) * 1000",B,ms,"{""mode"": ""absolute"", ""steps"": [{""color"": ""green""}, {""color"": ""red"", ""value"": 80}]}",0,16,12,10,prometheus,PBFA97CFB590B2093
05c84299-5312-46f5-a9f5-fe6762b2f6a2,üí∞ Transaction Performance Monitoring,banking,05c84299-5312-46f5-a9f5-fe6762b2f6a2-7-C,‚è±Ô∏è Response Time Percentiles,timeseries,,"histogram_quantile(0.99, sum(rate(transaction_duration_seconds_bucket[1m])) by (le)) * 1000",C,ms,"{""mode"": ""absolute"", ""steps"": [{""color"": ""green""}, {""color"": ""red"", ""value"": 80}]}",0,16,12,10,prometheus,PBFA97CFB590B2093
05c84299-5312-46f5-a9f5-fe6762b2f6a2,üí∞ Transaction Performance Monitoring,banking,05c84299-5312-46f5-a9f5-fe6762b2f6a2-8,üêå Slow Request Trend,timeseries,,slow_transaction_percentage,A,percent,"{""mode"": ""absolute"", ""steps"": [{""color"": ""green""}, {""color"": ""red"", ""value"": 80}]}",12,16,12,10,prometheus,PBFA97CFB590B2093
05c84299-5312-46f5-a9f5-fe6762b2f6a2,üí∞ Transaction Performance Monitoring,banking,05c84299-5312-46f5-a9f5-fe6762b2f6a2-9,üçï Transaction Type Distribution,piechart,,sum by(type) (increase(transaction_requests_total[1h])),A,short,{},0,26,8,8,prometheus,PBFA97CFB590B2093
05c84299-5312-46f5-a9f5-fe6762b2f6a2,üí∞ Transaction Performance Monitoring,banking,05c84299-5312-46f5-a9f5-fe6762b2f6a2-10,üìä Error Code Distribution,bargauge,,sum by(error_code) (increase(transaction_failures_total[1h])),A,short,"{""mode"": ""absolute"", ""steps"": [{""color"": ""green""}, {""color"": ""red"", ""value"": 80}]}",8,26,8,8,prometheus,PBFA97CFB590B2093
05c84299-5312-46f5-a9f5-fe6762b2f6a2,üí∞ Transaction Performance Monitoring,banking,05c84299-5312-46f5-a9f5-fe6762b2f6a2-11,üéØ SLO Compliance,gauge,,avg(slo_compliance_percentage),A,percent,"{""mode"": ""absolute"", ""steps"": [{""color"": ""red""}, {""color"": ""yellow"", ""value"": 95}, {""color"": ""green"", ""value"": 99}]}",16,26,8,8,prometheus,PBFA97CFB590B2093
05c84299-5312-46f5-a9f5-fe6762b2f6a2,üí∞ Transaction Performance Monitoring,banking,05c84299-5312-46f5-a9f5-fe6762b2f6a2-12-A,üé≠ Anomaly Detection,timeseries,,transaction_anomaly_score,A,short,"{""mode"": ""absolute"", ""steps"": [{""color"": ""green""}, {""color"": ""red"", ""value"": 80}]}",0,34,24,8,prometheus,PBFA97CFB590B2093
05c84299-5312-46f5-a9f5-fe6762b2f6a2,üí∞ Transaction Performance Monitoring,banking,05c84299-5312-46f5-a9f5-fe6762b2f6a2-12-B,üé≠ Anomaly Detection,timeseries,,active_anomalies,B,short,"{""mode"": ""absolute"", ""steps"": [{""color"": ""green""}, {""color"": ""red"", ""value"": 80}]}",0,34,24,8,prometheus,PBFA97CFB590B2093
05c84299-5312-46f5-a9f5-fe6762b2f6a2,üí∞ Transaction Performance Monitoring,banking,05c84299-5312-46f5-a9f5-fe6762b2f6a2-13-A,üíº Business vs Off-Hours Performance,stat,,business_hour_transaction_rate,A,reqpm,"{""mode"": ""absolute"", ""steps"": [{""color"": ""green""}, {""color"": ""red"", ""value"": 80}]}",0,42,12,6,prometheus,PBFA97CFB590B2093
05c84299-5312-46f5-a9f5-fe6762b2f6a2,üí∞ Transaction Performance Monitoring,banking,05c84299-5312-46f5-a9f5-fe6762b2f6a2-13-B,üíº Business vs Off-Hours Performance,stat,,off_hour_transaction_rate,B,reqpm,"{""mode"": ""absolute"", ""steps"": [{""color"": ""green""}, {""color"": ""red"", ""value"": 80}]}",0,42,12,6,prometheus,PBFA97CFB590B2093
05c84299-5312-46f5-a9f5-fe6762b2f6a2,üí∞ Transaction Performance Monitoring,banking,05c84299-5312-46f5-a9f5-fe6762b2f6a2-14,üìà Performance Score,timeseries,,transaction_performance_score,A,percent,"{""mode"": ""absolute"", ""steps"": [{""color"": ""green""}, {""color"": ""red"", ""value"": 80}]}",12,42,12,6,prometheus,PBFA97CFB590B2093
banking-message-queue,Banking Message Queue Dashboard,messaging,banking-message-queue-1,Transaction Processing Queue Depth,gauge,,"banking_unprocessed_messages{broker=""rabbitmq"", queue_topic=""transaction_processing_q""}",A,short,"{""mode"": ""absolute"", ""steps"": [{""color"": ""green""}, {""color"": ""yellow"", ""value"": 100}, {""color"": ""red"", ""value"": 500}]}",0,0,6,4,prometheus,PBFA97CFB590B2093
banking-message-queue,Banking Message Queue Dashboard,messaging,banking-message-queue-2,Notification Delivery Backlog,gauge,,"banking_unprocessed_messages{broker=""rabbitmq"", queue_topic=""notification_dispatch_q""}",A,short,"{""mode"": ""absolute"", ""steps"": [{""color"": ""green""}, {""color"": ""yellow"", ""value"": 50}, {""color"": ""red"", ""value"": 200}]}",6,0,6,4,prometheus,PBFA97CFB590B2093
banking-message-queue,Banking Message Queue Dashboard,messaging,banking-message-queue-3,Fraud Check Request Queue,gauge,,"banking_unprocessed_messages{broker=""rabbitmq"", queue_topic=""fraud_check_q""}",A,short,"{""mode"": ""absolute"", ""steps"": [{""color"": ""green""}, {""color"": ""yellow"", ""value"": 20}, {""color"": ""red"", ""value"": 100}]}",12,0,6,4,prometheus,PBFA97CFB590B2093
banking-message-queue,Banking Message Queue Dashboard,messaging,banking-message-queue-8,Total Consumer Lag,stat,,sum(banking_queue_consumer_lag),A,short,"{""mode"": ""absolute"", ""steps"": [{""color"": ""green""}, {""color"": ""yellow"", ""value"": 10}, {""color"": ""red"", ""value"": 50}]}",18,0,6,4,prometheus,PBFA97CFB590B2093
banking-message-queue,Banking Message Queue Dashboard,messaging,banking-message-queue-4,Message Publishing Rate (per minute),timeseries,,rate(banking_messages_published_total[1m]),A,short,"{""mode"": ""absolute"", ""steps"": [{""color"": ""green""}]}",0,4,12,8,prometheus,PBFA97CFB590B2093
banking-message-queue,Banking Message Queue Dashboard,messaging,banking-message-queue-5,Message Consumption Rate (per minute),timeseries,,rate(banking_messages_consumed_total[1m]),A,short,"{""mode"": ""absolute"", ""steps"": [{""color"": ""green""}]}",12,4,12,8,prometheus,PBFA97CFB590B2093
banking-message-queue,Banking Message Queue Dashboard,messaging,banking-message-queue-6,Current Queue Status,table,,"banking_unprocessed_messages{broker=""rabbitmq""}",A,short,"{""mode"": ""absolute"", ""steps"": [{""color"": ""green""}]}",0,12,12,8,prometheus,PBFA97CFB590B2093
banking-message-queue,Banking Message Queue Dashboard,messaging,banking-message-queue-7,Average Processing Time by Message Type,piechart,,avg(banking_message_processing_duration_seconds_sum / banking_message_processing_duration_seconds_count) by (message_type),A,s,{},12,12,12,8,prometheus,PBFA97CFB590B2093
banking-message-queue,Banking Message Queue Dashboard,messaging,banking-message-queue-9,RabbitMQ Native Queue Metrics,timeseries,,rabbitmq_queue_messages,A,short,"{""mode"": ""absolute"", ""steps"": [{""color"": ""green""}]}",0,20,24,8,prometheus,PBFA97CFB590B2093
ddos-monitoring-v2-uid,üö® DDoS Detection & Security Monitoring v2,security,ddos-monitoring-v2-uid-1,üö® DDoS Detection Status,stat,,ddos_binary_prediction,A,short,"{""mode"": ""absolute"", ""steps"": [{""color"": ""green""}, {""color"": ""red"", ""value"": 1}]}",0,0,6,8,prometheus,PBFA97CFB590B2093
ddos-monitoring-v2-uid,üö® DDoS Detection & Security Monitoring v2,security,ddos-monitoring-v2-uid-2,üéØ Detection Confidence,gauge,,ddos_confidence * 100,A,percent,"{""mode"": ""absolute"", ""steps"": [{""color"": ""red""}, {""color"": ""yellow"", ""value"": 60}, {""color"": ""green"", ""value"": 80}]}",6,0,6,8,prometheus,PBFA97CFB590B2093
ddos-monitoring-v2-uid,üö® DDoS Detection & Security Monitoring v2,security,ddos-monitoring-v2-uid-3,üìä Anomaly Score,stat,,ddos_detection_score,A,short,"{""mode"": ""absolute"", ""steps"": [{""color"": ""green""}, {""color"": ""yellow"", ""value"": 0.5}, {""color"": ""red"", ""value"": 0.8}]}",12,0,6,8,prometheus,PBFA97CFB590B2093
ddos-monitoring-v2-uid,üö® DDoS Detection & Security Monitoring v2,security,ddos-monitoring-v2-uid-8,‚è±Ô∏è Service Uptime,stat,,"service_uptime_seconds{job=""ddos-ml-detection""}",A,dthms,"{""mode"": ""absolute"", ""steps"": [{""color"": ""green""}, {""color"": ""red"", ""value"": 80}]}",18,0,6,8,prometheus,PBFA97CFB590B2093
ddos-monitoring-v2-uid,üö® DDoS Detection & Security Monitoring v2,security,ddos-monitoring-v2-uid-5-A,üìà DDoS Detection Timeline,timeseries,,ddos_detection_score,A,short,"{""mode"": ""absolute"", ""steps"": [{""color"": ""green""}, {""color"": ""red"", ""value"": 80}]}",0,8,24,8,prometheus,PBFA97CFB590B2093
ddos-monitoring-v2-uid,üö® DDoS Detection & Security Monitoring v2,security,ddos-monitoring-v2-uid-5-B,üìà DDoS Detection Timeline,timeseries,,ddos_confidence,B,short,"{""mode"": ""absolute"", ""steps"": [{""color"": ""green""}, {""color"": ""red"", ""value"": 80}]}",0,8,24,8,prometheus,PBFA97CFB590B2093
ddos-monitoring-v2-uid,üö® DDoS Detection & Security Monitoring v2,security,ddos-monitoring-v2-uid-5-C,üìà DDoS Detection Timeline,timeseries,,ddos_binary_prediction,C,short,"{""mode"": ""absolute"", ""steps"": [{""color"": ""green""}, {""color"": ""red"", ""value"": 80}]}",0,8,24,8,prometheus,PBFA97CFB590B2093
ddos-monitoring-v2-uid,üö® DDoS Detection & Security Monitoring v2,security,ddos-monitoring-v2-uid-6-A,üè¶ Banking System Load,stat,,sum by (job) (increase(http_request_duration_seconds_count[1m])),A,req/s,"{""mode"": ""absolute"", ""steps"": [{""color"": ""green""}, {""color"": ""red"", ""value"": 80}]}",0,16,12,8,prometheus,PBFA97CFB590B2093
ddos-monitoring-v2-uid,üö® DDoS Detection & Security Monitoring v2,security,ddos-monitoring-v2-uid-6-B,üè¶ Banking System Load,stat,,"sum by (job) (increase(http_request_duration_seconds_count{status=~""5..""}[1m]))",B,req/s,"{""mode"": ""absolute"", ""steps"": [{""color"": ""green""}, {""color"": ""red"", ""value"": 80}]}",0,16,12,8,prometheus,PBFA97CFB590B2093
ddos-monitoring-v2-uid,üö® DDoS Detection & Security Monitoring v2,security,ddos-monitoring-v2-uid-7-A,‚è±Ô∏è System Response Times,timeseries,,"histogram_quantile(0.50, sum(rate(http_request_duration_seconds_bucket[1m])) by (le)) * 1000",A,ms,"{""mode"": ""absolute"", ""steps"": [{""color"": ""green""}, {""color"": ""red"", ""value"": 80}]}",12,16,12,8,prometheus,PBFA97CFB590B2093
ddos-monitoring-v2-uid,üö® DDoS Detection & Security Monitoring v2,security,ddos-monitoring-v2-uid-7-B,‚è±Ô∏è System Response Times,timeseries,,"histogram_quantile(0.95, sum(rate(http_request_duration_seconds_bucket[1m])) by (le)) * 1000",B,ms,"{""mode"": ""absolute"", ""steps"": [{""color"": ""green""}, {""color"": ""red"", ""value"": 80}]}",12,16,12,8,prometheus,PBFA97CFB590B2093
ddos-monitoring-v2-uid,üö® DDoS Detection & Security Monitoring v2,security,ddos-monitoring-v2-uid-9,üíª Service CPU Usage,timeseries,,"rate(process_cpu_seconds_total{job=~""ddos-ml-detection|auto-baselining|anomaly-injector""}[1m]) * 100",A,percent,"{""mode"": ""absolute"", ""steps"": [{""color"": ""green""}, {""color"": ""red"", ""value"": 80}]}",0,24,12,8,prometheus,PBFA97CFB590B2093
ddos-monitoring-v2-uid,üö® DDoS Detection & Security Monitoring v2,security,ddos-monitoring-v2-uid-10,üß† Service Memory Usage,timeseries,,"process_resident_memory_bytes{job=~""ddos-ml-detection|auto-baselining|anomaly-injector""}",A,decbytes,"{""mode"": ""absolute"", ""steps"": [{""color"": ""green""}, {""color"": ""red"", ""value"": 80}]}",12,24,12,8,prometheus,PBFA97CFB590B2093
ddos-monitoring-v2-uid,üö® DDoS Detection & Security Monitoring v2,security,ddos-monitoring-v2-uid-11,üìà Prediction Throughput,stat,,rate(ddos_model_predictions_total[1m]),A,cps,"{""mode"": ""absolute"", ""steps"": [{""color"": ""green""}, {""color"": ""red"", ""value"": 80}]}",0,32,8,8,prometheus,PBFA97CFB590B2093
ddos-monitoring-v2-uid,üö® DDoS Detection & Security Monitoring v2,security,ddos-monitoring-v2-uid-12,‚è≥ Detection Latency,stat,,detection_latency_seconds,A,s,"{""mode"": ""absolute"", ""steps"": [{""color"": ""green""}, {""color"": ""red"", ""value"": 0.5}]}",8,32,8,8,prometheus,PBFA97CFB590B2093
ddos-monitoring-v2-uid,üö® DDoS Detection & Security Monitoring v2,security,ddos-monitoring-v2-uid-13,üßÆ Total Predictions,stat,,ddos_model_predictions_total,A,short,"{""mode"": ""absolute"", ""steps"": [{""color"": ""green""}]}",16,32,8,8,prometheus,PBFA97CFB590B2093
ddos-monitoring-v2-uid,üö® DDoS Detection & Security Monitoring v2,security,ddos-monitoring-v2-uid-14,üìè Active Metrics,stat,,active_metrics_being_monitored,A,short,"{""mode"": ""absolute"", ""steps"": [{""color"": ""green""}]}",0,40,6,8,prometheus,PBFA97CFB590B2093
ddos-monitoring-v2-uid,üö® DDoS Detection & Security Monitoring v2,security,ddos-monitoring-v2-uid-15,üìê Threshold Recommendations,stat,,threshold_recommendations_total,A,short,"{""mode"": ""absolute"", ""steps"": [{""color"": ""green""}]}",6,40,6,8,prometheus,PBFA97CFB590B2093
ddos-monitoring-v2-uid,üö® DDoS Detection & Security Monitoring v2,security,ddos-monitoring-v2-uid-16,‚öôÔ∏è Algorithm Execution Times,timeseries,,algorithm_execution_seconds,A,s,"{""mode"": ""absolute"", ""steps"": [{""color"": ""green""}]}",12,40,12,8,prometheus,PBFA97CFB590B2093
banking-db-connection,Banking Database Connection Pool Dashboard,database,banking-db-connection-1,Connection Pool Utilization %,gauge,,"banking_db_pool_utilization_percent{service=""db-demo""}",A,percent,"{""mode"": ""absolute"", ""steps"": [{""color"": ""green""}, {""color"": ""yellow"", ""value"": 70}, {""color"": ""red"", ""value"": 90}]}",0,0,6,8,prometheus,PBFA97CFB590B2093
banking-db-connection,Banking Database Connection Pool Dashboard,database,banking-db-connection-2-A,Active vs Idle Connections,piechart,,"banking_db_pool_connections_active{service=""db-demo""}",A,short,{},6,0,6,8,prometheus,PBFA97CFB590B2093
banking-db-connection,Banking Database Connection Pool Dashboard,database,banking-db-connection-2-B,Active vs Idle Connections,piechart,,"banking_db_pool_connections_idle{service=""db-demo""}",B,short,{},6,0,6,8,prometheus,PBFA97CFB590B2093
banking-db-connection,Banking Database Connection Pool Dashboard,database,banking-db-connection-3-A,Connection Acquisition Wait Time (P95/P99),timeseries,,"histogram_quantile(0.95, sum(rate(banking_db_connection_acquisition_duration_seconds_bucket[5m])) by (le)) * 1000",A,ms,"{""mode"": ""absolute"", ""steps"": [{""color"": ""green""}]}",12,0,12,8,prometheus,PBFA97CFB590B2093
banking-db-connection,Banking Database Connection Pool Dashboard,database,banking-db-connection-3-B,Connection Acquisition Wait Time (P95/P99),timeseries,,"histogram_quantile(0.99, sum(rate(banking_db_connection_acquisition_duration_seconds_bucket[5m])) by (le)) * 1000",B,ms,"{""mode"": ""absolute"", ""steps"": [{""color"": ""green""}]}",12,0,12,8,prometheus,PBFA97CFB590B2093
banking-db-connection,Banking Database Connection Pool Dashboard,database,banking-db-connection-4-A,Connection Pool Status Over Time,timeseries,,"banking_db_pool_connections_active{service=""db-demo""}",A,short,"{""mode"": ""absolute"", ""steps"": [{""color"": ""green""}]}",0,8,12,8,prometheus,PBFA97CFB590B2093
banking-db-connection,Banking Database Connection Pool Dashboard,database,banking-db-connection-4-B,Connection Pool Status Over Time,timeseries,,"banking_db_pool_connections_idle{service=""db-demo""}",B,short,"{""mode"": ""absolute"", ""steps"": [{""color"": ""green""}]}",0,8,12,8,prometheus,PBFA97CFB590B2093
banking-db-connection,Banking Database Connection Pool Dashboard,database,banking-db-connection-5,Database Query Rate by Type,timeseries,,rate(banking_db_queries_total[1m]),A,ops,"{""mode"": ""absolute"", ""steps"": [{""color"": ""green""}]}",12,8,12,8,prometheus,PBFA97CFB590B2093
banking-db-connection,Banking Database Connection Pool Dashboard,database,banking-db-connection-6,Query Performance by Type,table,,(banking_db_query_duration_seconds_sum / banking_db_query_duration_seconds_count) * 1000,A,ms,"{""mode"": ""absolute"", ""steps"": [{""color"": ""green""}]}",0,16,12,8,prometheus,PBFA97CFB590B2093
banking-db-connection,Banking Database Connection Pool Dashboard,database,banking-db-connection-7,Connection Errors (Last 5m),stat,,sum(increase(banking_db_connection_errors_total[5m])) or vector(0),A,short,"{""mode"": ""absolute"", ""steps"": [{""color"": ""green""}, {""color"": ""red"", ""value"": 1}]}",12,16,12,8,prometheus,PBFA97CFB590B2093
banking-db-connection,Banking Database Connection Pool Dashboard,database,banking-db-connection-8,PostgreSQL Database Connection States,timeseries,,"pg_stat_activity_count{datname=""bankingdb""}",A,short,"{""mode"": ""absolute"", ""steps"": [{""color"": ""green""}]}",0,24,24,8,prometheus,PBFA97CFB590B2093
banking-db-connection,Banking Database Connection Pool Dashboard,database,banking-db-connection-9,Pool Max Size,stat,,"banking_db_pool_size{service=""db-demo""}",A,short,"{""mode"": ""absolute"", ""steps"": [{""color"": ""green""}]}",0,32,6,4,prometheus,PBFA97CFB590B2093
redis-cache-perf,Redis Cache Performance,cache,redis-cache-perf-2,Cache Hit Ratio,gauge,,"redis_cache_hit_ratio{operation=""overall""} * 100",A,percent,"{""mode"": ""absolute"", ""steps"": [{""color"": ""red""}, {""color"": ""yellow"", ""value"": 50}, {""color"": ""green"", ""value"": 80}]}",0,1,6,8,prometheus,PBFA97CFB590B2093
redis-cache-perf,Redis Cache Performance,cache,redis-cache-perf-3,Cache Efficiency Score,gauge,,redis_cache_efficiency_score,A,percent,"{""mode"": ""absolute"", ""steps"": [{""color"": ""green""}, {""color"": ""yellow"", ""value"": 70}, {""color"": ""red"", ""value"": 90}]}",6,1,6,8,prometheus,PBFA97CFB590B2093
redis-cache-perf,Redis Cache Performance,cache,redis-cache-perf-4,Cache Operations Rate,stat,,rate(banking_cache_hits_total[5m]) + rate(banking_cache_misses_total[5m]),A,ops,"{""mode"": ""absolute"", ""steps"": [{""color"": ""green""}]}",12,1,6,8,prometheus,PBFA97CFB590B2093
redis-cache-perf,Redis Cache Performance,cache,redis-cache-perf-101,Miss Rate %,stat,,(rate(banking_cache_misses_total[5m]) / (rate(banking_cache_hits_total[5m]) + rate(banking_cache_misses_total[5m]))) * 100,A,percent,"{""mode"": ""absolute"", ""steps"": [{""color"": ""green""}, {""color"": ""yellow"", ""value"": 10}, {""color"": ""red"", ""value"": 25}]}",18,1,6,8,prometheus,PBFA97CFB590B2093
redis-cache-perf,Redis Cache Performance,cache,redis-cache-perf-11,Cache Hit vs Time of Day,timeseries,Cache hits in the last 5 mins,rate(banking_cache_hits_total[5m]),A,short,"{""mode"": ""absolute"", ""steps"": [{""color"": ""green""}, {""color"": ""red"", ""value"": 80}]}",0,10,12,8,prometheus,PBFA97CFB590B2093
redis-cache-perf,Redis Cache Performance,cache,redis-cache-perf-103-A,Cache Hits vs Misses Trend,timeseries,Combined view of cache hits and misses over time,rate(banking_cache_hits_total[5m]),A,reqps,"{""mode"": ""absolute"", ""steps"": [{""color"": ""green""}]}",12,10,12,8,prometheus,PBFA97CFB590B2093
redis-cache-perf,Redis Cache Performance,cache,redis-cache-perf-103-B,Cache Hits vs Misses Trend,timeseries,Combined view of cache hits and misses over time,rate(banking_cache_misses_total[5m]),B,reqps,"{""mode"": ""absolute"", ""steps"": [{""color"": ""green""}]}",12,10,12,8,prometheus,PBFA97CFB590B2093
redis-cache-perf,Redis Cache Performance,cache,redis-cache-perf-104,Cache Hit Ratio Trend,timeseries,Cache hit ratio percentage over time,(rate(banking_cache_hits_total[5m]) / (rate(banking_cache_hits_total[5m]) + rate(banking_cache_misses_total[5m]))) * 100,A,percent,"{""mode"": ""absolute"", ""steps"": [{""color"": ""transparent""}, {""color"": ""red"", ""value"": 50}, {""color"": ""yellow"", ""value"": 80}, {""color"": ""green"", ""value"": 95}]}",0,18,24,8,prometheus,PBFA97CFB590B2093
redis-cache-perf,Redis Cache Performance,cache,redis-cache-perf-6,Memory Usage,stat,,redis_cache_memory_usage_bytes / 1024 / 1024,A,decmbytes,"{""mode"": ""absolute"", ""steps"": [{""color"": ""green""}, {""color"": ""yellow"", ""value"": 512}, {""color"": ""red"", ""value"": 768}]}",0,27,6,8,prometheus,PBFA97CFB590B2093
redis-cache-perf,Redis Cache Performance,cache,redis-cache-perf-7,Cache Active Entries,stat,,banking_cache_active_entries,A,short,"{""mode"": ""absolute"", ""steps"": [{""color"": ""green""}, {""color"": ""red"", ""value"": 80}]}",6,27,6,8,prometheus,PBFA97CFB590B2093
redis-cache-perf,Redis Cache Performance,cache,redis-cache-perf-5,Eviction Rate (keys/min),stat,,redis_cache_eviction_rate,A,short,"{""mode"": ""absolute"", ""steps"": [{""color"": ""green""}, {""color"": ""yellow"", ""value"": 50}, {""color"": ""red"", ""value"": 100}]}",12,27,6,8,prometheus,PBFA97CFB590B2093
redis-cache-perf,Redis Cache Performance,cache,redis-cache-perf-106,Memory Utilization % X10,gauge,"Provides the memory utilisation, as percentage, multiplied by 10 for clarity sake. ",(redis_memory_used_bytes / redis_config_maxmemory) * 1000 ,A,percent,"{""mode"": ""absolute"", ""steps"": [{""color"": ""green""}, {""color"": ""yellow"", ""value"": 70}, {""color"": ""red"", ""value"": 85}]}",18,27,6,8,prometheus,PBFA97CFB590B2093
redis-cache-perf,Redis Cache Performance,cache,redis-cache-perf-107-A,Memory Usage Over Time,timeseries,Memory usage trend over time,redis_cache_memory_usage_bytes / 1024 / 1024,A,decmbytes,"{""mode"": ""absolute"", ""steps"": [{""color"": ""green""}]}",0,35,12,8,prometheus,PBFA97CFB590B2093
redis-cache-perf,Redis Cache Performance,cache,redis-cache-perf-107-B,Memory Usage Over Time,timeseries,Memory usage trend over time,redis_cache_memory_limit_bytes / 1024 / 1024,B,decmbytes,"{""mode"": ""absolute"", ""steps"": [{""color"": ""green""}]}",0,35,12,8,prometheus,PBFA97CFB590B2093
redis-cache-perf,Redis Cache Performance,cache,redis-cache-perf-108-A,Cache Entries & Evictions,timeseries,Cache entries and evictions over time,banking_cache_active_entries,A,short,"{""mode"": ""absolute"", ""steps"": [{""color"": ""green""}]}",12,35,12,8,prometheus,PBFA97CFB590B2093
redis-cache-perf,Redis Cache Performance,cache,redis-cache-perf-108-B,Cache Entries & Evictions,timeseries,Cache entries and evictions over time,rate(redis_cache_evictions_total[5m]) * 60,B,short,"{""mode"": ""absolute"", ""steps"": [{""color"": ""green""}]}",12,35,12,8,prometheus,PBFA97CFB590B2093
redis-cache-perf,Redis Cache Performance,cache,redis-cache-perf-9-A,Cache Hit Rate,stat,Cache hits in the last 5 mins,rate(banking_cache_hits_total[5m]),A,reqps,"{""mode"": ""absolute"", ""steps"": [{""color"": ""green""}, {""color"": ""red"", ""value"": 80}]}",0,44,6,8,prometheus,PBFA97CFB590B2093
redis-cache-perf,Redis Cache Performance,cache,redis-cache-perf-10,Cache Miss Rate,stat,Cache Miss Rate for last 5 min of traffic,sum(rate(banking_cache_misses_total[5m])),A,reqps,"{""mode"": ""absolute"", ""steps"": [{""color"": ""green""}, {""color"": ""yellow"", ""value"": 10}, {""color"": ""red"", ""value"": 25}]}",6,44,6,8,prometheus,PBFA97CFB590B2093
redis-cache-perf,Redis Cache Performance,cache,redis-cache-perf-110,Connected Clients,stat,,redis_connected_clients,A,short,"{""mode"": ""absolute"", ""steps"": [{""color"": ""green""}, {""color"": ""yellow"", ""value"": 1000}, {""color"": ""red"", ""value"": 5000}]}",12,44,6,8,prometheus,PBFA97CFB590B2093
redis-cache-perf,Redis Cache Performance,cache,redis-cache-perf-111,Avg Response Time,stat,,"sum(rate(redis_commands_latencies_usec_sum[5m])) 
/ 
sum(rate(redis_commands_latencies_usec_count[5m])) 
/ 1000",A,ms,"{""mode"": ""absolute"", ""steps"": [{""color"": ""green""}, {""color"": ""yellow"", ""value"": 5}, {""color"": ""red"", ""value"": 10}]}",18,44,6,8,prometheus,PBFA97CFB590B2093
redis-cache-perf,Redis Cache Performance,cache,redis-cache-perf-112-A,Response Time Analysis,timeseries,Response time trend analysis,"sum(rate(redis_commands_latencies_usec_sum[5m])) 
/ 
sum(rate(redis_commands_latencies_usec_count[5m])) 
/ 1000",A,ms,"{""mode"": ""absolute"", ""steps"": [{""color"": ""transparent""}, {""color"": ""red"", ""value"": 10}]}",0,52,12,8,prometheus,PBFA97CFB590B2093
redis-cache-perf,Redis Cache Performance,cache,redis-cache-perf-112-B,Response Time Analysis,timeseries,Response time trend analysis,"histogram_quantile(0.95, 
  sum by (le) (rate(redis_commands_latencies_usec_bucket[5m]))
) / 1000",B,ms,"{""mode"": ""absolute"", ""steps"": [{""color"": ""transparent""}, {""color"": ""red"", ""value"": 10}]}",0,52,12,8,prometheus,PBFA97CFB590B2093
redis-cache-perf,Redis Cache Performance,cache,redis-cache-perf-113-A,Network I/O,timeseries,Network I/O operations per second,rate(redis_net_input_bytes_total[5m]),A,binBps,"{""mode"": ""absolute"", ""steps"": [{""color"": ""green""}]}",12,52,12,8,prometheus,PBFA97CFB590B2093
redis-cache-perf,Redis Cache Performance,cache,redis-cache-perf-113-B,Network I/O,timeseries,Network I/O operations per second,rate(redis_net_output_bytes_total[5m]),B,binBps,"{""mode"": ""absolute"", ""steps"": [{""color"": ""green""}]}",12,52,12,8,prometheus,PBFA97CFB590B2093
redis-cache-perf,Redis Cache Performance,cache,redis-cache-perf-8-A,Cache Performance by Operation,table,,sum by (operation) (rate(banking_cache_hits_total[5m]) + rate(banking_cache_misses_total[5m])),A,short,"{""mode"": ""absolute"", ""steps"": [{""color"": ""green""}]}",0,61,12,8,prometheus,PBFA97CFB590B2093
redis-cache-perf,Redis Cache Performance,cache,redis-cache-perf-8-B,Cache Performance by Operation,table,,sum by (operation) (rate(banking_cache_hits_total[5m]) / (rate(banking_cache_hits_total[5m]) + rate(banking_cache_misses_total[5m]))) * 100,B,short,"{""mode"": ""absolute"", ""steps"": [{""color"": ""green""}]}",0,61,12,8,prometheus,PBFA97CFB590B2093
redis-cache-perf,Redis Cache Performance,cache,redis-cache-perf-115-A,Cache Patterns Performance,table,Cache key patterns and their performance,banking_cache_active_entries,A,short,"{""mode"": ""absolute"", ""steps"": [{""color"": ""green""}]}",12,61,12,8,prometheus,PBFA97CFB590B2093
redis-cache-perf,Redis Cache Performance,cache,redis-cache-perf-115-B,Cache Patterns Performance,table,Cache key patterns and their performance,sum by (pattern) (rate(banking_cache_hits_total[5m]) / (rate(banking_cache_hits_total[5m]) + rate(banking_cache_misses_total[5m]))) * 100,B,short,"{""mode"": ""absolute"", ""steps"": [{""color"": ""green""}]}",12,61,12,8,prometheus,PBFA97CFB590B2093
redis-cache-perf,Redis Cache Performance,cache,redis-cache-perf-116,Operations Distribution,piechart,Top cache operations by volume and performance,sum by (operation) (rate(banking_cache_hits_total[5m]) + rate(banking_cache_misses_total[5m])),A,short,{},0,69,12,8,prometheus,PBFA97CFB590B2093
